Prénom,Nom,Nom du fichier
Abdou,Bernard,Abdou Bernard.png
Aboubacar,Cissé ović,Aboubacar Cissé-ović.png
Adam,Cissé ov,Adam Cissé-ov.png
Adil,Cazorla,Adil Cazorla.png
Ahmed,Cissé vski,Ahmed Cissé-vski.png
Alioune,Cissé,Alioune Cissé.png
Anthony,Camara,Anthony Camara.png
Antoine,Boufal,Antoine Boufal.png
Auasa,Bentaleb eira,Auasa Bentaleb-eira.png
Ayman,Cazorla,Ayman Cazorla.png
Aymen,Chahdi,Aymen Chahdi.png
Baal,Bentaleb escu,Baal Bentaleb-escu.png
Babacar,Cissé vić,Babacar Cissé-vić.png
Baptiste,Bentaleb,Baptiste Bentaleb.png
Benjamin,Bianchi,Benjamin Bianchi.png
Bilal,Chahdi,Bilal Chahdi.png
Boubacar,Cissé yan,Boubacar Cissé-yan.png
Bruno,Brás,Bruno Brás.png
Carlos,Chama,Carlos Chama.png
Demba,Camara,Demba Camara.png
Drissa,Cissé yuk,Drissa Cissé-yuk.png
Ethan,Bianchi,Ethan Bianchi.png
Farouk,Cissé kov,Farouk Cissé-kov.png
Hamza,Chahdi,Hamza Chahdi.png
Hélder,Brás opoulos,Hélder Brás-opoulos.png
Idrissa,Cissé ović,Idrissa Cissé-ović.png
Idrissa,Cissé sky,Idrissa Cissé-sky.png
Imran,Cissé vich,Imran Cissé-vich.png
Issa,Camara,Issa Camara.png
Issa,Cissé,Issa Cissé.png
João,Carvalho opoulos,João Carvalho-opoulos.png
Julien,Camara ski,Julien Camara-ski.png
Keita,Cissé ović,Keita Cissé-ović.png
Kiari,Bianchi ski,Kiari Bianchi-ski.png
Lamine,Cissé vić,Lamine Cissé-vić.png
Luca,Bianchi,Luca Bianchi.png
Luis,Bentaleb,Luis Bentaleb.png
Léo,Chandra,Léo Chandra.png
Lísandro,Brás,Lísandro Brás.png
Mamadou,Cissé,Mamadou Cissé.png
Mamady,Cissé ski,Mamady Cissé-ski.png
Mamady,Cissé sky,Mamady Cissé-sky.png
Miguel,Carvalho,Miguel Carvalho.png
Mohamed,Cazorla,Mohamed Cazorla.png
Mohamed,Cissé sky,Mohamed Cissé-sky.png
Moussa,Cissé,Moussa Cissé.png
Nabil,Brahimi,Nabil Brahimi.png
Naji,Camara vić,Naji Camara-vić.png
Nathan,Bernard,Nathan Bernard.png
Nicolás,Brahimi,Nicolás Brahimi.png
Oumar,Cissé,Oumar Cissé.png
Paulo,Carvalho,Paulo Carvalho.png
Raaau,Bernard ić,Raaau Bernard-ić.png
Rúben,Brás ski,Rúben Brás-ski.png
Samba,Cissé ović,Samba Cissé-ović.png
Samuel,Brás vić,Samuel Brás-vić.png
Seydou,Cissé sky,Seydou Cissé-sky.png
Thiago,Brás,Thiago Brás.png
Tiago,Boufal,Tiago Boufal.png
Tiago,Carvalho,Tiago Carvalho.png
Tiago,Chama,Tiago Chama.png
Tiziano,Carvalho,Tiziano Carvalho.png
Tom,Brahimi,Tom Brahimi.png
Yanis,Camara,Yanis Camara.png
Yassine,Cazorla,Yassine Cazorla.png
Youssef,Chahdi,Youssef Chahdi.png
